# This file was autogenerated by rever: https://regro.github.io/rever-docs/
# This prevent git from showing duplicates with various logging commands.
# See the git documentation for more details. The syntax is:
#
#   good-name <good-email> bad-name <bad-email>
#
# You can skip bad-name if it is the same as good-name and is unique in the repo.
#
# This file is up-to-date if the command git log --format="%aN <%aE>" | sort -u
# gives no duplicates.

Andrew Collette <andrew.collette@gmail.com> andrewcollette <andrew.collette@gmail.com>
Thomas Kluyver <thomas@kluyver.me.uk> Thomas Kluyver <thomas.kluyver@xfel.eu>
Thomas Kluyver <thomas@kluyver.me.uk> Thomas Kluyver <takowl@gmail.com>
Thomas A Caswell <tcaswell@bnl.gov> Thomas A Caswell <tcaswell@uchicago.edu>
Thomas A Caswell <tcaswell@bnl.gov> Thomas A Caswell <tcaswell@gmail.com>
James Tocknell <aragilar@gmail.com> James Tocknell <aragilar+github@gmail.com>
Jerome Kieffer <jerome.kieffer@esrf.fr> Jerome Kieffer <github@terre-adelie.org>
Chen <chenguopingdota@163.com> chenguoping <chenguopingdota@163.com>
Chen <chenguopingdota@163.com> Chenguoping <chenguopingdota@163.com>
Андрей Парамонов <paramon@lims.acdlabs.ru>
Darren Dale <dsdale24@gmail.com> ddale <darren@f2-analysis-2.chess.cornell.edu>
Aleksandar Jelenak <ajelenak@hdfgroup.org> Aleksandar Jelenak <ajelenak@users.noreply.github.com>
Henri Payno <henri.payno@esrf.fr> payno <payno@linazimov.esrf.fr>
Henri Payno <henri.payno@esrf.fr> payno <payno@users.noreply.github.com>
Henri Payno <henri.payno@esrf.fr> payno <henri.payno@gmail.com>
Thomas VINCENT <thomas.vincent@esrf.fr>
Pierlauro Sciarelli <foss@pstux.dev> Pierlauro Sciarelli <pierlauro@users.noreply.github.com>
Pierlauro Sciarelli <foss@pstux.dev> Pierlauro Sciarelli <sciarellip@gmail.com>
Anthony Scopatz <scopatz@gmail.com>
Valentin Valls <valentin.valls@esrf.fr>
Satrajit Ghosh <satra@mit.edu> satra <satrajit.ghosh@gmail.com>
Ulrik Kofoed Pedersen <ulrik.pedersen@diamond.ac.uk>
Stan West <countrycaptain@verizon.net> Stan West <38358698+stanwest@users.noreply.github.com>
Martin Raspaud <martin.raspaud@smhi.se>
John Kirkham <kirkhamj@janelia.hhmi.org>
Aaron Parsons <aaron.parsons@diamond.ac.uk>
Julia Garriga Ferrer <julia.garriga@esrf.fr> juliagarriga <juliiaa28@gmail.com>
Jerome Kieffer <kieffer@esrf.fr> Jerome Kieffer <jerome.kieffer@terre-adelie.org>
Hameer Abbasi <hameerabbasi@yahoo.com>
John Readey <jreadey@hdfgroup.org>
Lawrence Chan <element103@gmail.com> Lawrence Chan <lchan@jumptrading.com>
V. Armando Solé <sole@esrf.fr> V. Armando Solé <vasole@users.noreply.github.com>
Andrey Paramonov <cmr.pent@gmail.com>
Cyril Danilevski <cydanil@gmail.com>
Yu Feng <yfeng1@waterfall.dyn.berkeley.edu> Yu Feng <rainwoodman@gmail.com>
Yu Feng <yfeng1@waterfall.dyn.berkeley.edu> Yu Feng <feyu@google.com>
Liu JiaLin <jaln.liu@ttu.edu> valiantljk <jaln.liu@ttu.edu>
lhole <laurence.hole@gmail.com>
Ghislain Antony Vaillant <ghisvail@gmail.com> Ghislain Antony Vaillant <ghisvail@users.noreply.github.com>
Seth R Johnson <johnsonsr@ornl.gov>
Matthieu Brucher <matthieu.brucher@gmail.com>
Andrea Bedini <andrea.bedini@curtin.edu.au> Andrea Bedini <andreabedini@users.noreply.github.com>
Martin Teichmann <lkb.teichmann@gmail.com>
Markus Gerstel <markus.gerstel@diamond.ac.uk> Markus Gerstel <2102431+Anthchirp@users.noreply.github.com>
Axel Huebl <axel.huebl@plasma.ninja>
Pierre de Buyl <pdebuyl@ulb.ac.be>
miketrumpis <mtrumpis@gmail.com>
Vladimir Brankov <vbrankov@janestreet.com>
Bruce Merry <bmerry@ska.ac.za> Bruce Merry <1963944+bmerry@users.noreply.github.com>
Florian Rathgeber <florian.rathgeber@gmail.com>
Chris Billington <chrisjbillington@gmail.com>
Max Dietz <maxwell.r.dietz@gmail.com>
Silas-Asamoah <silasbempong@gmail.com>
tmichela <thomas.michelat@gmail.com>
Anna Padee <anna.padee@gmail.com>
nitrocalcite <jonathan.okasinski@gmail.com>
Orion Poplawski <orion@nwra.com>
Dieter Weber <d.weber@fz-juelich.de> uellue <d.weber@materials-scientist.com>
Konrad Hinsen <konrad.hinsen@fastmail.net> khinsen <konrad.hinsen@fastmail.net>
Toon Verstraelen <Toon.Verstraelen@UGent.be>
Antony Lee <anntzer.lee@gmail.com>
Machine User <Machine User@WINBUILD>
Geoff Wright <gpwright@gmail.com>
Jordan Farquhar <jordan.a.farquhar@gmail.com> jordan-farq <jordan.a.farquhar@gmail.com>
Clemens Weninger <clemens.weninger@maxiv.lu.se> Clemens Weninger <clemens@m-info.de>
Robin De Schepper <robin.deschepper93@gmail.com>
aporter <aporter@blueorigin.com>
Kai Muehlbauer <kai.muehlbauer@uni-bonn.de>
Kit Choi <kit@kychoi.org>
lucasb-eyer <lucasb.eyer.be@gmail.com>
Matthew Brett <matthew.brett@gmail.com>
Dylan Nelson <dnelson@mpa-garching.mpg.de>
Scott Sanderson <ssanderson@quantopian.com>
Matt Zwier <mczwier@gmail.com>
Charles Law <charles.law@eyenuk.com> Charles Law <39317519+claweyenuk@users.noreply.github.com>
Chen Yufei <cyf@ruitiancapital.com> Chen Yufei <cyfdecyf@gmail.com>
Simon Mutch <smutch@unimelb.edu.au>
Christian Sachs <sachs.christian@gmail.com>
ebner <simon.ebner@psi.ch>
egachen <ramon.chen2014@gmail.com>
Gary Yendell <gary.yendell@diamond.ac.uk>
Kacper Kowalik <xarthisius.kk@gmail.com> Kacper Kowalik (Xarthisius) <xarthisius.kk@gmail.com>
Yaroslav Halchenko <debian@onerussian.com> yarikoptic <yarikoptic@gmail.com>
Sajid Ali <30510036+s-sajid-ali@users.noreply.github.com>
Noel Dawe <Noel.Dawe@cern.ch>
John Tyree <johntyree@gmail.com>
Christoph Gohlke <cgohlke@uci.edu> cgohlke <cgohlke@uci.edu>
Carlos Pascual <cpascual@cells.es>
Joe Jevnik <joe@quantopian.com>
unknown <devnull@localhost> convert-repo <devnull@localhost>
Jason Newton <nevion@gmail.com>
Will Parkin <wmparkin@gmail.com>
Devin <>
Nathan Goldbaum <ngoldbau@illinois.edu>
paulmueller <paulmueller@users.noreply.github.com>
Andy Salnikov <a_salnikov@yahoo.com>
amcnicho <andrew.mcnichols@gmail.com>
Jonah Bernhard <jonah.bernhard@gmail.com>
Antoine Pitrou <antoine@python.org>
Joseph Kleinhenz <kleinhenz.joseph@gmail.com>
cclauss <cclauss@me.com>
Colin Gavin <colin.m.gavin@gmail.com>
Chris Meyer <cmeyer1969@gmail.com>
Jakob Lombacher <Jakob.Lombacher@daimler.com> Jakob Lombacher <Jakob@Lombacher.net>
Michael Boyle <michael.oliver.boyle@gmail.com>
Sam Mason <sam@samason.uk>
Peter H. Li <phli@google.com>
jialin <jalnliu@lbl.gov>
Alex Porter <bomber8013@gmail.com> bomber8013 <bomber8013@gmail.com>
jhofinger <jonathan.hofinger@gmx.de>
Aaron Meurer <asmeurer@gmail.com>
Guinnes Singh <gswebspace@gmail.com>
Jonathan Okasinski <nitrocalcite@users.noreply.github.com>
mattip <matti.picus@gmail.com>
Daniel Berke <berke.daniel@gmail.com>
joydeep bhattacharjee <joydeepubuntu@gmail.com>
pharshalp <pharshalp@gmail.com>
Matthias Geier <Matthias.Geier@gmail.com>
Eric Larson <larson.eric.d@gmail.com>
Drew Parsons <dparsons@emerall.com>
Robert David Grant <robert.david.grant@gmail.com>
JP Dehollain <jpdehollain@users.noreply.github.com>
chrisjbillington <none@none>
Lars Viklund <lars@hpc2n.umu.se>
Dan Guest <dguest@cern.ch>
root <root@acdlab11.lims.acdlabs.ru>
bpinsard <bpinsard@imed.jussieu.fr>
Barry Wardel <barry.wardell@gmail.com>
Evan Wright <evanpw@gmail.com>
Johannes Meixner <xmj@chaot.net>
Marc Abramowitz <abramowi@adobe.com>
syhw <gabriel.synnaeve@gmail.com>
Stuart Berg <bergs@janelia.hhmi.org>
Michael V. DePalatis <mike@depalatis.net>
Kwat <KwatME@users.noreply.github.com>
Mike Boyle <moble@users.noreply.github.com>
Peter Chang <peter.chang@diamond.ac.uk>
Mikhail <mihanlg@gmail.com>
Nils Werner <nils.werner@gmail.com>
Peter Hill <zed.three@gmail.com>
John Benediktsson <mrjbq7@gmail.com>
Yuri D'Elia <wavexx@thregr.org>
Matthew Turk <matthewturk@gmail.com>
Bradley M. Froehle <brad.froehle@gmail.com>
Dan Meliza <dan@meliza.org>
Artem Sanakoev <enorone@gmail.com>
Matthias König <konigmatt@googlemail.com>
Adam J. Stewart <ajstewart426@gmail.com>
Kyle Sunden <sunden@wisc.edu>
Caleb Morse <cdmorse@sandia.gov>
Peter Colberg <peter@colberg.org>
James Clarke <jrtc27@jrtc27.com>
Sam Toyer <sam@qxcv.net>
Joe Zuntz <joezuntz@googlemail.com>
Greg Allen <GregoryEAllen@yahoo.com>
Lawrence Mitchell <lawrence.mitchell@imperial.ac.uk>
dkriegner <dominik.kriegner@gmail.com>
Jens Timmerman <jens.timmerman@ugent.be>
Niru Maheswaranathan <nirum@users.noreply.github.com>
Paco Hope <pacohope@amazon.co.uk>
Felix Yan <felixonmars@archlinux.org>
Alex Migon <alexmigon@gmail.com> alemigo <alemigo@github.com>
Alex Migon <alexmigon@gmail.com> alemigo <32462069+alemigo@users.noreply.github.com>
Alex Migon <alexmigon@gmail.com> alemig <alemigo@github.com>
Alex Migon <alexmigon@gmail.com> alemig <32462069+alemigo@users.noreply.github.com>
Lisandro Dalcin <dalcinl@gmail.com>
Alexei Colin <acolin@isi.edu>
Marco Paolini <markopaolini@gmail.com>
pierlauro <pierlauro.sciarelli@bsc.es>
Philipp A <flying-sheep@web.de>
Csaba Kertész <csaba.kertesz@gmail.com>
Thomas Michelat <32831491+tmichela@users.noreply.github.com>
Luke Tudge <luketudge@gmail.com>
Gang Chen <gang.chen@zenuity.com>
patiencedaur <patiencedaur@gmail.com>
Tim Gates <tim.gates@iress.com>
